email,password,nickname,role
admin@medireview.com,encoded_admin_password,admin,ADMIN
user1@medireview.com,encoded_user1_password,user1,USER
user2@medireview.com,encoded_user2_password,user2,USER
user3@medireview.com,encoded_user3_password,user3,USER
user4@medireview.com,encoded_user4_password,user4,USER
user5@medireview.com,encoded_user5_password,user5,USER
user6@medireview.com,encoded_user6_password,user6,USER
user7@medireview.com,encoded_user7_password,user7,USER
user8@medireview.com,encoded_user8_password,user8,USER
user9@medireview.com,encoded_user9_password,user9,USER
user10@medireview.com,encoded_user10_password,user10,USER
user11@medireview.com,encoded_user11_password,user11,USER
user12@medireview.com,encoded_user12_password,user12,USER
user13@medireview.com,encoded_user13_password,user13,USER
user14@medireview.com,encoded_user14_password,user14,USER
user15@medireview.com,encoded_user15_password,user15,USER
user16@medireview.com,encoded_user16_password,user16,USER
user17@medireview.com,encoded_user17_password,user17,USER
user18@medireview.com,encoded_user18_password,user18,USER
user19@medireview.com,encoded_user19_password,user19,USER
user20@medireview.com,encoded_user20_password,user20,USER
user21@medireview.com,encoded_user21_password,user21,USER
user22@medireview.com,encoded_user22_password,user22,USER
user23@medireview.com,encoded_user23_password,user23,USER
user24@medireview.com,encoded_user24_password,user24,USER
user25@medireview.com,encoded_user25_password,user25,USER
user26@medireview.com,encoded_user26_password,user26,USER
user27@medireview.com,encoded_user27_password,user27,USER
user28@medireview.com,encoded_user28_password,user28,USER
user29@medireview.com,encoded_user29_password,user29,USER
user30@medireview.com,encoded_user30_password,user30,USER
user31@medireview.com,encoded_user31_password,user31,USER
user32@medireview.com,encoded_user32_password,user32,USER
user33@medireview.com,encoded_user33_password,user33,USER
user34@medireview.com,encoded_user34_password,user34,USER
user35@medireview.com,encoded_user35_password,user35,USER
user36@medireview.com,encoded_user36_password,user36,USER
user37@medireview.com,encoded_user37_password,user37,USER
user38@medireview.com,encoded_user38_password,user38,USER
user39@medireview.com,encoded_user39_password,user39,USER
user40@medireview.com,encoded_user40_password,user40,USER
user41@medireview.com,encoded_user41_password,user41,USER
user42@medireview.com,encoded_user42_password,user42,USER
user43@medireview.com,encoded_user43_password,user43,USER
user44@medireview.com,encoded_user44_password,user44,USER
user45@medireview.com,encoded_user45_password,user45,USER
user46@medireview.com,encoded_user46_password,user46,USER
user47@medireview.com,encoded_user47_password,user47,USER
user48@medireview.com,encoded_user48_password,user48,USER
user49@medireview.com,encoded_user49_password,user49,USER
user50@medireview.com,encoded_user50_password,user50,USER
user51@medireview.com,encoded_user51_password,user51,USER
user52@medireview.com,encoded_user52_password,user52,USER
user53@medireview.com,encoded_user53_password,user53,USER
user54@medireview.com,encoded_user54_password,user54,USER
user55@medireview.com,encoded_user55_password,user55,USER
user56@medireview.com,encoded_user56_password,user56,USER
user57@medireview.com,encoded_user57_password,user57,USER
user58@medireview.com,encoded_user58_password,user58,USER
user59@medireview.com,encoded_user59_password,user59,USER
user60@medireview.com,encoded_user60_password,user60,USER
user61@medireview.com,encoded_user61_password,user61,USER
user62@medireview.com,encoded_user62_password,user62,USER
user63@medireview.com,encoded_user63_password,user63,USER
user64@medireview.com,encoded_user64_password,user64,USER
user65@medireview.com,encoded_user65_password,user65,USER
user66@medireview.com,encoded_user66_password,user66,USER
user67@medireview.com,encoded_user67_password,user67,USER
user68@medireview.com,encoded_user68_password,user68,USER
user69@medireview.com,encoded_user69_password,user69,USER
user70@medireview.com,encoded_user70_password,user70,USER
user71@medireview.com,encoded_user71_password,user71,USER
user72@medireview.com,encoded_user72_password,user72,USER
user73@medireview.com,encoded_user73_password,user73,USER
user74@medireview.com,encoded_user74_password,user74,USER
user75@medireview.com,encoded_user75_password,user75,USER
user76@medireview.com,encoded_user76_password,user76,USER
user77@medireview.com,encoded_user77_password,user77,USER
user78@medireview.com,encoded_user78_password,user78,USER
user79@medireview.com,encoded_user79_password,user79,USER
user80@medireview.com,encoded_user80_password,user80,USER
user81@medireview.com,encoded_user81_password,user81,USER
user82@medireview.com,encoded_user82_password,user82,USER
user83@medireview.com,encoded_user83_password,user83,USER
user84@medireview.com,encoded_user84_password,user84,USER
user85@medireview.com,encoded_user85_password,user85,USER
user86@medireview.com,encoded_user86_password,user86,USER
user87@medireview.com,encoded_user87_password,user87,USER
user88@medireview.com,encoded_user88_password,user88,USER
user89@medireview.com,encoded_user89_password,user89,USER
user90@medireview.com,encoded_user90_password,user90,USER
user91@medireview.com,encoded_user91_password,user91,USER
user92@medireview.com,encoded_user92_password,user92,USER
user93@medireview.com,encoded_user93_password,user93,USER
user94@medireview.com,encoded_user94_password,user94,USER
user95@medireview.com,encoded_user95_password,user95,USER
user96@medireview.com,encoded_user96_password,user96,USER
user97@medireview.com,encoded_user97_password,user97,USER
user98@medireview.com,encoded_user98_password,user98,USER
user99@medireview.com,encoded_user99_password,user99,USER
user100@medireview.com,encoded_user100_password,user100,USER
user101@medireview.com,encoded_user101_password,user101,USER
user102@medireview.com,encoded_user102_password,user102,USER
user103@medireview.com,encoded_user103_password,user103,USER
user104@medireview.com,encoded_user104_password,user104,USER
user105@medireview.com,encoded_user105_password,user105,USER
user106@medireview.com,encoded_user106_password,user106,USER
user107@medireview.com,encoded_user107_password,user107,USER
user108@medireview.com,encoded_user108_password,user108,USER
user109@medireview.com,encoded_user109_password,user109,USER
user110@medireview.com,encoded_user110_password,user110,USER
user111@medireview.com,encoded_user111_password,user111,USER
user112@medireview.com,encoded_user112_password,user112,USER
user113@medireview.com,encoded_user113_password,user113,USER
user114@medireview.com,encoded_user114_password,user114,USER
user115@medireview.com,encoded_user115_password,user115,USER
user116@medireview.com,encoded_user116_password,user116,USER
user117@medireview.com,encoded_user117_password,user117,USER
user118@medireview.com,encoded_user118_password,user118,USER
user119@medireview.com,encoded_user119_password,user119,USER
user120@medireview.com,encoded_user120_password,user120,USER
user121@medireview.com,encoded_user121_password,user121,USER
user122@medireview.com,encoded_user122_password,user122,USER
user123@medireview.com,encoded_user123_password,user123,USER
user124@medireview.com,encoded_user124_password,user124,USER
user125@medireview.com,encoded_user125_password,user125,USER
user126@medireview.com,encoded_user126_password,user126,USER
user127@medireview.com,encoded_user127_password,user127,USER
user128@medireview.com,encoded_user128_password,user128,USER
user129@medireview.com,encoded_user129_password,user129,USER
user130@medireview.com,encoded_user130_password,user130,USER
user131@medireview.com,encoded_user131_password,user131,USER
user132@medireview.com,encoded_user132_password,user132,USER
user133@medireview.com,encoded_user133_password,user133,USER
user134@medireview.com,encoded_user134_password,user134,USER
user135@medireview.com,encoded_user135_password,user135,USER
user136@medireview.com,encoded_user136_password,user136,USER
user137@medireview.com,encoded_user137_password,user137,USER
user138@medireview.com,encoded_user138_password,user138,USER
user139@medireview.com,encoded_user139_password,user139,USER
user140@medireview.com,encoded_user140_password,user140,USER
user141@medireview.com,encoded_user141_password,user141,USER
user142@medireview.com,encoded_user142_password,user142,USER
user143@medireview.com,encoded_user143_password,user143,USER
user144@medireview.com,encoded_user144_password,user144,USER
user145@medireview.com,encoded_user145_password,user145,USER
user146@medireview.com,encoded_user146_password,user146,USER
user147@medireview.com,encoded_user147_password,user147,USER
user148@medireview.com,encoded_user148_password,user148,USER
user149@medireview.com,encoded_user149_password,user149,USER
user150@medireview.com,encoded_user150_password,user150,USER
user151@medireview.com,encoded_user151_password,user151,USER
user152@medireview.com,encoded_user152_password,user152,USER
user153@medireview.com,encoded_user153_password,user153,USER
user154@medireview.com,encoded_user154_password,user154,USER
user155@medireview.com,encoded_user155_password,user155,USER
user156@medireview.com,encoded_user156_password,user156,USER
user157@medireview.com,encoded_user157_password,user157,USER
user158@medireview.com,encoded_user158_password,user158,USER
user159@medireview.com,encoded_user159_password,user159,USER
user160@medireview.com,encoded_user160_password,user160,USER
user161@medireview.com,encoded_user161_password,user161,USER
user162@medireview.com,encoded_user162_password,user162,USER
user163@medireview.com,encoded_user163_password,user163,USER
user164@medireview.com,encoded_user164_password,user164,USER
user165@medireview.com,encoded_user165_password,user165,USER
user166@medireview.com,encoded_user166_password,user166,USER
user167@medireview.com,encoded_user167_password,user167,USER
user168@medireview.com,encoded_user168_password,user168,USER
user169@medireview.com,encoded_user169_password,user169,USER
user170@medireview.com,encoded_user170_password,user170,USER
user171@medireview.com,encoded_user171_password,user171,USER
user172@medireview.com,encoded_user172_password,user172,USER
user173@medireview.com,encoded_user173_password,user173,USER
user174@medireview.com,encoded_user174_password,user174,USER
user175@medireview.com,encoded_user175_password,user175,USER
user176@medireview.com,encoded_user176_password,user176,USER
user177@medireview.com,encoded_user177_password,user177,USER
user178@medireview.com,encoded_user178_password,user178,USER
user179@medireview.com,encoded_user179_password,user179,USER
user180@medireview.com,encoded_user180_password,user180,USER
user181@medireview.com,encoded_user181_password,user181,USER
user182@medireview.com,encoded_user182_password,user182,USER
user183@medireview.com,encoded_user183_password,user183,USER
user184@medireview.com,encoded_user184_password,user184,USER
user185@medireview.com,encoded_user185_password,user185,USER
user186@medireview.com,encoded_user186_password,user186,USER
user187@medireview.com,encoded_user187_password,user187,USER
user188@medireview.com,encoded_user188_password,user188,USER
user189@medireview.com,encoded_user189_password,user189,USER
user190@medireview.com,encoded_user190_password,user190,USER
user191@medireview.com,encoded_user191_password,user191,USER
user192@medireview.com,encoded_user192_password,user192,USER
user193@medireview.com,encoded_user193_password,user193,USER
user194@medireview.com,encoded_user194_password,user194,USER
user195@medireview.com,encoded_user195_password,user195,USER
user196@medireview.com,encoded_user196_password,user196,USER
user197@medireview.com,encoded_user197_password,user197,USER
user198@medireview.com,encoded_user198_password,user198,USER
user199@medireview.com,encoded_user199_password,user199,USER
user200@medireview.com,encoded_user200_password,user200,USER
